"last_name, first_name","player_id","year","k_percent","bb_percent","woba","xwoba","z_swing_percent","oz_swing_percent","oz_contact_percent","iz_contact_percent","swing_percent"
"Cabrera, Miguel",408234,2021,22.4,7.6,".305",".313",69.1,30.2,57.1,82,49.4
"Cruz, Nelson",443558,2021,21.6,8.7,".346",".367",73.8,31,52.6,77.3,51
"Peralta, David",444482,2021,17.1,8.6,".314",".294",66.3,27.4,59.9,86.8,46.5
"Blackmon, Charlie",453568,2021,15.6,9.3,".333",".358",67.9,26.2,63.9,85.8,47.3
"McCutchen, Andrew",457705,2021,23,14.1,".335",".340",63.7,19.1,50.5,81.1,41.7
"Turner, Justin",457759,2021,16,10,".358",".361",66.9,22.7,69.4,86.8,44.5
"Votto, Joey",458015,2021,23.8,14.4,".391",".404",67.9,22,50.8,77.6,43.9
"Andrus, Elvis",462101,2021,15,5.7,".270",".311",65.9,31.9,61.3,89.6,48.9
"Santana, Carlos",467793,2021,15.5,13.1,".294",".333",66.9,22.6,63.1,83.3,43.4
"Lowrie, Jed",476704,2021,21.1,9.6,".311",".344",70.8,20.9,53.9,81.8,46.7
"Brantley, Michael",488726,2021,10.4,6.5,".347",".361",65.9,24.1,78.1,92.9,45.6
"Gurriel, Yuli",493329,2021,11.2,9.8,".363",".326",62.2,26.1,75.8,91.2,42.8
"Rojas, Miguel",500743,2021,13.7,6.9,".311",".286",66.4,26.3,61.8,88.8,45.7
"Escobar, Eduardo",500871,2021,20.7,8,".334",".329",72.2,28.9,63.7,81.6,49.5
"Pham, Tommy",502054,2021,22.8,13.9,".318",".349",60,16,49.7,83.4,38.2
"Martinez, J.D.",502110,2021,23.7,8.7,".364",".372",76.5,33.7,53.3,79.1,54.2
"Goldschmidt, Paul",502671,2021,20,9.9,".373",".396",64.4,25.2,66.5,78.8,44.2
"Altuve, Jose",514888,2021,13.4,9.7,".357",".333",66.8,30.3,72.5,90.1,47.4
"Hernández, César",514917,2021,21.2,9.3,".302",".311",68.3,26.1,61.9,84.4,47.1
"Segura, Jean",516416,2021,13.8,6.9,".338",".321",66.7,30.1,69.1,88.6,48.7
"Marte, Starling",516782,2021,18.8,8.2,".364",".348",71,30.2,57.5,83.8,49.5
"Donaldson, Josh",518626,2021,21,13.6,".353",".386",70.2,22.6,57.9,77.5,45.2
"Freeman, Freddie",518692,2021,15.4,12.2,".379",".410",77.6,25.7,67.9,82.8,51.2
"LeMahieu, DJ",518934,2021,13.8,10.8,".315",".342",62,20.4,71.7,90.2,41.4
"Rizzo, Anthony",519203,2021,15.1,9,".339",".348",64.5,29.4,68.4,84.4,46.5
"Stanton, Giancarlo",519317,2021,27.1,10.9,".370",".361",63.5,28,49.5,76.5,44.2
"Perez, Salvador",521692,2021,25.6,4.2,".359",".369",78.6,44.7,50,79.3,58.9
"García, Avisaíl",541645,2021,23.5,7.4,".346",".364",81.9,37.2,50.4,74.5,58.1
"Villar, Jonathan",542340,2021,26.1,9.1,".320",".307",74.6,28,51,77.9,49.9
"Aguilar, Jesús",542583,2021,18.2,9,".334",".333",63.8,27.4,55.3,82.9,44.8
"Crawford, Brandon",543063,2021,19.1,10.2,".377",".353",77.6,27.9,47.6,79.8,51.7
"Cron, C.J.",543068,2021,21.4,11,".383",".366",66.3,30.8,57.7,80.8,47.1
"Grossman, Robbie",543257,2021,23.1,14.6,".337",".335",63.4,15.7,57.8,84,38.4
"Harrison, Josh",543281,2021,13.4,5.6,".325",".334",75.1,35.5,72.9,85.2,55.4
"Hosmer, Eric",543333,2021,17.5,8.5,".319",".327",67,31.8,61.8,85.4,48.3
"Semien, Marcus",543760,2021,20.2,9.1,".368",".336",69.7,21.3,55.7,85.6,45.1
"Grichuk, Randal",545341,2021,20.9,5,".300",".297",73.7,32.4,55.2,87,52.3
"Harper, Bryce",547180,2021,22.4,16.7,".431",".431",75.3,24.8,49.7,75.4,47.5
"Abreu, José",547989,2021,21.7,9.3,".354",".347",66.7,32.2,53.8,82.6,48.4
"Suárez, Eugenio",553993,2021,29.8,9.8,".306",".323",64.3,23.3,43.3,81.3,42.7
"Schoop, Jonathan",570731,2021,19.7,5.5,".324",".311",70.9,35.3,58.5,84.3,52.5
"Arenado, Nolan",571448,2021,14.7,7.7,".336",".313",67.4,29,65.4,89.6,46.8
"Farmer, Kyle",571657,2021,18.3,4.2,".316",".302",65.4,35.4,65.3,88.5,49.9
"Haniger, Mitch",571745,2021,24.5,7.8,".340",".348",65,29.2,49.9,79.9,46.6
"Hernández, Enrique",571771,2021,18.8,10.4,".338",".348",66.8,24.9,53.7,86,44.6
"Muncy, Max",571970,2021,20.3,14,".379",".406",60.3,15.7,52.1,83.2,37.6
"Seager, Kyle",572122,2021,24,8.8,".308",".320",72.3,29.2,50,79.5,49.6
"Taylor, Michael A.",572191,2021,27.3,6.3,".286",".300",75.3,30.5,49.3,77.5,51.9
"Yastrzemski, Mike",573262,2021,24.6,9.6,".326",".316",67.9,23,59.1,81.2,45.9
"Iglesias, Jose",578428,2021,14.7,4.1,".304",".298",68.5,42.8,69.5,89.5,55
"Bryant, Kris",592178,2021,23,10.6,".356",".347",73.7,26.7,46.5,82.4,48.7
"Canha, Mark",592192,2021,20.5,12.3,".333",".332",61.4,20.7,61.2,84.7,40.5
"Castellanos, Nick",592206,2021,20.7,7,".391",".375",78.9,36.2,51.3,79.8,55
"Judge, Aaron",592450,2021,25,11.8,".387",".418",66.1,23.7,50.7,79.8,42.5
"Machado, Manny",592518,2021,15.9,9.8,".350",".377",70.2,28.9,58.5,85.9,48
"Realmuto, J.T.",592663,2021,24,8.9,".336",".329",69.9,30.7,61.4,78.6,49.5
"Renfroe, Hunter",592669,2021,22.7,7.7,".344",".352",66.7,31.8,60.7,81.2,48.2
"Merrifield, Whit",593160,2021,14.3,5.6,".306",".304",71.3,29,71.4,86,50
"Bogaerts, Xander",593428,2021,18.7,10.3,".368",".358",62.4,31,66.4,84.5,45.7
"Polanco, Jorge",593871,2021,18.3,7,".349",".346",70.5,29.7,62.8,88.1,49.5
"Sanó, Miguel",593934,2021,34.4,11.1,".332",".323",66.1,26.5,36.1,74.1,44.6
"Duvall, Adam",594807,2021,31.4,6.3,".324",".329",67,34,51.6,81.1,50
"Báez, Javier",595879,2021,33.6,5.1,".344",".318",75.8,44.6,46.9,70.7,56.9
"Lindor, Francisco",596019,2021,18.3,11.1,".317",".344",70.8,26.2,60.9,83.4,47.4
"Story, Trevor",596115,2021,23.4,8.9,".341",".335",73.6,30.5,52.2,82,50.8
"Candelario, Jeimer",600869,2021,21.6,10.4,".344",".355",68.6,29.2,59.3,84.8,47.6
"Bell, Josh",605137,2021,17.8,11.4,".352",".362",74.1,23.8,55.3,83.7,46.7
"Betts, Mookie",605141,2021,15.6,12.4,".365",".357",63.9,18.1,61.5,89.8,40.4
"Tapia, Raimel",606132,2021,13.1,7.5,".305",".276",69,33,72.6,91.2,51.2
"Hernández, Teoscar",606192,2021,24.9,6.1,".369",".366",75.8,30.7,43.7,79.4,51.8
"Turner, Trea",607208,2021,17,6.3,".386",".363",72.4,26.4,56.6,84.6,49.2
"Ramírez, José",608070,2021,13.7,11.3,".372",".375",64.5,23.9,70.7,91.1,43
"Gallo, Joey",608336,2021,34.6,18,".348",".351",64.4,19,35.9,69.4,40.4
"Swanson, Dansby",621020,2021,25.6,8,".322",".329",72.4,24.1,51.8,75.6,48.1
"Newman, Kevin",621028,2021,7.4,4.9,".249",".278",63.3,26.5,74.9,93.3,44.9
"Taylor, Chris",621035,2021,28.7,10.8,".338",".329",69.3,20.8,43.6,74.1,45.6
"Correa, Carlos",621043,2021,18.1,11.7,".364",".370",62,24.1,59.8,87.4,42.1
"Olson, Matt",621566,2021,16.8,13.1,".379",".378",72.2,23.7,63.2,81.8,47
"Alonso, Pete",624413,2021,19.9,9.4,".363",".376",70.9,30.8,58.8,83.4,49.3
"Frazier, Adam",624428,2021,10.8,7.5,".341",".325",67.9,26.1,74.5,92.3,47.6
"Soler, Jorge",624585,2021,23.6,11.1,".323",".359",70.1,23,42.8,81.3,44.8
"Cronenworth, Jake",630105,2021,14,8.6,".341",".344",62.5,23.5,69,92.7,43.2
"Meadows, Austin",640457,2021,20.6,10,".327",".325",70.9,25.1,55.4,83.7,46.7
"Anderson, Tim",641313,2021,21.6,4,".345",".322",79.1,36.9,56.8,82.2,57.8
"Crawford, J.P.",641487,2021,16.6,8.4,".314",".300",64,21.7,66.5,89.9,44.2
"Dozier, Hunter",641531,2021,28.4,7.9,".293",".298",70.4,29.8,38.3,81.7,48.8
"Mancini, Trey",641820,2021,23.2,8.3,".326",".340",65.8,30.8,56,78.2,47
"McMahon, Ryan",641857,2021,24.7,9.9,".334",".326",73.2,24.4,49.1,78,48.8
"O'Neill, Tyler",641933,2021,31.3,7.1,".384",".387",73.8,27.6,44.1,73.9,49.8
"Rosario, Amed",642708,2021,20.4,5.3,".315",".302",64,34.6,58.8,84.2,48.9
"Adames, Willy",642715,2021,28.1,10.3,".349",".324",72.2,27.5,47.5,75.7,48.9
"Benintendi, Andrew",643217,2021,18,6.7,".328",".331",73.9,30.1,68,81.1,52.5
"Kiner-Falefa, Isiah",643396,2021,13.3,4.1,".293",".292",62.6,30.7,70.1,93.1,46.5
"Albies, Ozzie",645277,2021,18.7,6.9,".336",".327",82.4,34.1,64.8,79.9,56.8
"Devers, Rafael",646240,2021,21.5,9.3,".373",".391",77.7,32.4,61.7,77.3,53.6
"Urías, Luis",649966,2021,20.4,11.1,".340",".330",67.9,25.3,64.6,81.9,46.3
"Torres, Gleyber",650402,2021,20.2,9.7,".307",".330",70.8,22.7,56.8,79.2,46.7
"Díaz, Yandy",650490,2021,15.7,12.8,".325",".333",67,18.9,61.9,86.2,42.6
"Chapman, Matt",656305,2021,32.5,12.9,".311",".318",66.5,22.9,52.4,72.4,44.6
"Mullins, Cedric",656775,2021,18.5,8.7,".372",".342",64.8,27.7,66,84.8,46.3
"Smith, Pavin",656976,2021,19.4,7.7,".318",".315",59.5,23.8,61.7,90.7,42.1
"Verdugo, Alex",657077,2021,15.9,8.4,".334",".342",62.3,26.4,66.4,88.7,44.7
"Moncada, Yoán",660162,2021,25.5,13.6,".347",".352",63.6,23.6,49.7,81,42.6
"Ohtani, Shohei",660271,2021,29.6,15,".393",".410",69.7,27.3,48.5,73.1,45.8
"Riley, Austin",663586,2021,25.4,7.9,".379",".365",72.2,31.1,57.3,78.9,50.2
"Mountcastle, Ryan",663624,2021,27.5,7,".335",".325",76,38.2,54,77.2,55.1
"Tucker, Kyle",663656,2021,15.9,9.3,".383",".394",80.9,26.4,62.9,85.6,52.5
"India, Jonathan",663697,2021,22.3,11.3,".363",".352",56.9,21.9,55.6,82.7,39
"Grisham, Trent",663757,2021,22.6,10.2,".320",".305",63.6,16.8,58.9,83.3,40.5
"Lowe, Nathaniel",663993,2021,25.2,12.5,".337",".323",66.4,22.9,60.9,81.8,44.7
"Happ, Ian",664023,2021,29.2,11.6,".328",".319",65.7,23.1,46.6,75.5,43.9
"France, Ty",664034,2021,16.3,7.1,".353",".346",72.1,30,61.6,89.5,50.3
"Lowe, Brandon",664040,2021,27.2,11.1,".363",".355",78.4,29.8,50,74.6,52.5
"Fletcher, David",664058,2021,9,4.7,".273",".282",61.2,29.1,80.7,94.4,46.5
"Straw, Myles",664702,2021,19,10.5,".311",".305",59.6,18.8,72.8,90.1,40.4
"Walsh, Jared",665120,2021,26,8.2,".357",".325",68.5,31.5,61.1,80.3,49.3
"Tatis Jr., Fernando",665487,2021,28,11.4,".403",".407",80.1,29,42.1,75.9,51.5
"Guerrero Jr., Vladimir",665489,2021,15.8,12.3,".419",".422",73.8,24.5,47.6,81.7,47.3
"Soto, Juan",665742,2021,14.2,22.2,".420",".429",60,12.2,56.4,85.3,35
"Chisholm Jr., Jazz",665862,2021,28.6,6.7,".312",".307",64.8,31,56.1,77.4,47.2
"Bichette, Bo",666182,2021,19.9,5.8,".354",".349",79.6,38.1,62.7,85.6,57.8
"Carlson, Dylan",666185,2021,24.6,9.2,".336",".320",67.2,23.9,52.9,79.2,45
"García, Adolis",666969,2021,31.2,5.1,".314",".296",74.7,35.7,50.8,73.8,54.1
"Gurriel Jr., Lourdes",666971,2021,18.9,5.9,".333",".339",68.3,34.3,61,83.6,50.9
"Arozarena, Randy",668227,2021,28.1,9.3,".350",".298",66.4,24.8,50.8,74.6,44.2
"Reynolds, Bryan",668804,2021,18.4,11.6,".385",".385",75.4,24.8,52.3,84.7,48.9
"Rojas, Josh",668942,2021,24.9,10.5,".327",".295",62.9,21.2,59.3,82,42.2
"Edman, Tommy",669242,2021,13.7,5.5,".301",".318",65.6,28.2,70.4,91,47.4
"Solak, Nick",669256,2021,20.9,6.7,".299",".300",64.2,30,62.2,82.1,46
"Hays, Austin",669720,2021,20.2,5.3,".328",".316",64.4,29.5,50.2,87.7,46.4
"Lopez, Nicky",670032,2021,13.1,8.7,".329",".286",65.1,24.5,68,90.3,45.1
"Alvarez, Yordan",670541,2021,24.2,8.4,".369",".385",61.9,26.3,56.3,87.4,43.1
"Cruz, Nelson",443558,2022,23.5,9.7,".292",".322",72.4,31.1,49.2,76.8,50.8
"Blackmon, Charlie",453568,2022,18.9,5.5,".317",".304",70.1,32,67.4,83.4,51.5
"McCutchen, Andrew",457705,2022,21.4,9.8,".309",".325",68.5,20.8,51,83.2,44.9
"Turner, Justin",457759,2022,16.7,9.4,".343",".345",70.4,26.7,68.7,84,48.2
"Andrus, Elvis",462101,2022,15.9,6.8,".310",".296",62.3,29.4,63.9,85.8,45.6
"Santana, Carlos",467793,2022,17.4,14,".308",".356",63.9,21.7,65.9,83.1,42.6
"Gurriel, Yuli",493329,2022,12.5,5.1,".285",".275",63.1,34.9,75.3,91.8,48.5
"Rojas, Miguel",500743,2022,12,5.1,".268",".292",66.2,30.4,65.7,93.2,47.9
"Escobar, Eduardo",500871,2022,23.8,7.4,".311",".321",73.5,34,59.1,79.3,52.4
"Pham, Tommy",502054,2022,26.8,9,".304",".314",60.8,21.6,46.9,83,42
"Martinez, J.D.",502110,2022,24.3,8.7,".343",".352",74.9,31.9,51.4,79,51.9
"Goldschmidt, Paul",502671,2022,21.7,12.1,".419",".372",59.8,25.1,61.5,78.4,41.7
"Altuve, Jose",514888,2022,14.4,10.9,".397",".356",64,28.6,74,89.1,44.3
"Hernández, César",514917,2022,18.5,7.3,".283",".295",68.7,25.9,59.4,86.3,47.5
"Marte, Starling",516782,2022,19.2,5.1,".355",".337",67.5,32.8,60.1,83.5,49.8
"Donaldson, Josh",518626,2022,27.1,9.9,".302",".302",66.6,29.3,54.2,72.5,47.3
"Freeman, Freddie",518692,2022,14.4,11.9,".393",".406",73.9,27.3,67.8,85.8,49.3
"LeMahieu, DJ",518934,2022,13.1,12.4,".329",".347",53.9,24.5,73.4,89.3,39.5
"Rizzo, Anthony",519203,2022,18.4,10.6,".352",".352",64.1,29.6,61.7,85.1,46.1
"Flores, Wilmer",527038,2022,17.1,9.8,".312",".312",66.5,26.6,66.3,87.6,45.6
"Ozuna, Marcell",542303,2022,24.1,6.1,".298",".337",68.2,33.4,55.3,80.4,49.4
"Aguilar, Jesús",542583,2022,23.5,5.5,".288",".302",64.7,36.3,58.1,82.2,49.5
"Cron, C.J.",543068,2022,25.9,6.8,".335",".319",62.9,33.2,60.5,84,47.7
"Semien, Marcus",543760,2022,16.6,7.3,".317",".311",71.1,24.8,57.2,87.6,47.2
"Springer, George",543807,2022,17.2,9.3,".352",".345",77.4,25.6,50.9,79,50.9
"Grichuk, Randal",545341,2022,23.6,4.5,".315",".288",69.4,32.7,54.2,85.8,50.6
"Abreu, José",547989,2022,16.2,9.1,".361",".374",66.1,29.8,59.1,85.3,47.3
"Suárez, Eugenio",553993,2022,31.2,11.6,".344",".344",63.6,21.5,41.9,76,41.8
"Urshela, Gio",570482,2022,17.4,7.4,".332",".327",71.2,36.1,67.2,84.8,53.1
"Schoop, Jonathan",570731,2022,21,3.7,".245",".275",75.2,36.8,53.4,81.3,55.5
"Arenado, Nolan",571448,2022,11.6,8.4,".381",".343",66.9,32.6,68.1,88.3,48.4
"Farmer, Kyle",571657,2022,17,5.7,".309",".316",64.7,36.3,65.2,89.7,50.3
"Muncy, Max",571970,2022,25,15.9,".318",".346",60.4,16.5,56,78.8,38.6
"Pollock, AJ",572041,2022,18.6,6.1,".297",".324",74.1,34,55.6,84.8,53.6
"Voit, Luke",572228,2022,31.5,9.7,".311",".328",78.1,30.6,41.4,72.5,52
"Walker, Christian",572233,2022,19.6,10.3,".346",".362",67.9,23.1,50.8,84.4,44.7
"Yastrzemski, Mike",573262,2022,25.3,10.9,".307",".314",63.4,22.2,57.1,84.2,42.9
"Canha, Mark",592192,2022,17.9,8.9,".343",".328",61,24.3,68.2,81.6,42.9
"Castellanos, Nick",592206,2022,23.3,5.2,".304",".306",76.8,39.6,47.5,79.8,57
"Drury, Brandon",592273,2022,22.2,6.7,".350",".321",62.5,30.1,64.2,85.8,45.9
"Judge, Aaron",592450,2022,25.1,15.9,".458",".468",66.1,22.9,46.5,79.7,42.7
"Machado, Manny",592518,2022,20.7,9.8,".382",".345",74.4,30.7,60.2,82.3,50.8
"Realmuto, J.T.",592663,2022,21.2,7.3,".354",".354",67.7,31,61.6,80.4,49
"Renfroe, Hunter",592669,2022,23.2,7.5,".347",".324",66.2,31.8,58.3,81.2,47.8
"Yelich, Christian",592885,2022,24.1,13.1,".328",".340",65.4,23.2,48.5,85.2,43.2
"Merrifield, Whit",593160,2022,15.5,6.9,".294",".297",71.4,29.8,66.9,86.2,50.9
"Bogaerts, Xander",593428,2022,18.7,9,".363",".325",63.5,29.2,62.4,81.5,45.7
"Profar, Jurickson",595777,2022,15.7,11.1,".320",".318",64.2,23.7,68.5,86,43.6
"Báez, Javier",595879,2022,24.9,4.4,".291",".285",67.9,47.5,50.9,77.7,55.8
"Lindor, Francisco",596019,2022,18.8,8.4,".342",".333",68.1,29.9,60,85.6,47.8
"Bell, Josh",605137,2022,15.8,12.5,".344",".347",68.8,24.9,65.4,83.6,45.3
"Betts, Mookie",605141,2022,16.3,8.6,".373",".348",66.9,22.2,59.5,91.7,44.2
"Hernández, Teoscar",606192,2022,28.4,6.4,".348",".357",69,30.3,44.1,74.9,48.8
"Marte, Ketel",606466,2022,18.1,9.9,".317",".317",65.7,28.1,69.9,83.7,46.1
"Nimmo, Brandon",607043,2022,17.2,10.5,".353",".337",64.8,21.2,61.4,86.3,43.8
"Turner, Trea",607208,2022,18.5,6.4,".350",".338",72.4,33.1,53.7,84.5,51.2
"Ramírez, José",608070,2022,12,10.1,".363",".325",66.4,28.7,73.3,90.3,46.3
"Bregman, Alex",608324,2022,11.7,13.3,".358",".357",65.8,17.8,67.4,90.6,40.3
"Seager, Corey",608369,2022,15.5,8.7,".331",".373",80.7,30.5,45.2,85.1,54.5
"Winker, Jesse",608385,2022,18.8,15.4,".313",".346",68.1,18.8,59.7,85.8,43.3
"Swanson, Dansby",621020,2022,26.1,7,".337",".342",72.4,26.4,50.3,76.2,49.4
"Correa, Carlos",621043,2022,20.5,10.3,".362",".361",63.3,26.9,63.4,84.7,44.4
"Ward, Taylor",621493,2022,21.3,10.6,".362",".363",62.3,20.6,58.9,83.9,41.4
"Wisdom, Patrick",621550,2022,34.3,9.9,".316",".298",70.5,26.4,38.1,73.7,48.1
"Olson, Matt",621566,2022,24.3,10.7,".344",".347",73.9,28.5,58.6,76.7,49.5
"Mateo, Jorge",622761,2022,27.6,5.1,".281",".276",72.6,36.6,49.2,79.7,53.9
"Santander, Anthony",623993,2022,18.9,8.5,".336",".356",65.5,32.5,65.6,86,47.7
"Alonso, Pete",624413,2022,18.7,9.8,".366",".357",70.9,33.5,61.9,84.3,49.9
"Frazier, Adam",624428,2022,12.1,7.6,".274",".300",68.4,28.8,72.8,90.9,48.7
"Cronenworth, Jake",630105,2022,19.2,10.2,".318",".304",60,21.6,61.3,88.7,41.8
"Bellinger, Cody",641355,2022,27.3,6.9,".284",".284",68.2,31.7,62.6,77.6,49.9
"Crawford, J.P.",641487,2022,13.3,11.3,".306",".318",61.9,20.5,70.4,90.8,41.3
"Mancini, Trey",641820,2022,23,9,".312",".335",67.3,30.1,54.5,81.3,48.1
"McMahon, Ryan",641857,2022,26.5,10.1,".326",".333",63.4,25.4,52.1,79.1,45.2
"Tellez, Rowdy",642133,2022,20.2,10.4,".327",".351",61.1,27,60.5,83.6,43.5
"Rosario, Amed",642708,2022,16.6,3.7,".311",".311",67,40,70.2,84.6,53.1
"Adames, Willy",642715,2022,26.9,7.9,".325",".329",71.2,29.8,54,79.9,49.6
"Estrada, Thairo",642731,2022,16.5,6.1,".317",".302",67.2,32.3,63.6,88,49.2
"Benintendi, Andrew",643217,2022,14.8,10,".342",".340",73.2,22.7,70.5,82,48.2
"Kemp, Tony",643393,2022,12.4,8.1,".287",".273",68.4,29.4,77.3,90.6,48.9
"Kiner-Falefa, Isiah",643396,2022,13.6,6.6,".285",".292",58,30.8,78.4,93.9,44.7
"McNeil, Jeff",643446,2022,10.4,6.8,".365",".326",77.6,29.2,74.1,87.7,53.8
"Devers, Rafael",646240,2022,18.6,8.1,".373",".365",76.3,36.2,61,77.8,54.6
"Arraez, Luis",650333,2022,7.1,8.3,".350",".341",63.2,24.1,89.4,94.4,42.9
"Torres, Gleyber",650402,2022,22.6,6.8,".328",".325",71.9,27.7,59.9,77.8,49.6
"Díaz, Yandy",650490,2022,10.8,14,".366",".365",63.6,19.6,71,90.4,41.3
"Rengifo, Luis",650859,2022,15.5,3.3,".314",".299",77.3,34.9,62.5,85.9,55.7
"Chapman, Matt",656305,2022,27.4,11,".331",".345",64.2,19.2,55.3,76,41.7
"Hoskins, Rhys",656555,2022,25.1,10.7,".345",".342",60.7,23.2,52.2,82.8,41.9
"Mullins, Cedric",656775,2022,18.8,7,".315",".292",71.2,29.9,63.6,83.3,51.3
"Schwarber, Kyle",656941,2022,29.9,12.9,".355",".381",60.6,21.7,53,77.3,40.6
"Thomas, Lane",657041,2022,24.1,7.5,".308",".291",61.4,26.1,63,85.4,44.1
"Verdugo, Alex",657077,2022,13.4,6.5,".319",".332",64,24.9,68,90.4,45.3
"Ohtani, Shohei",660271,2022,24.2,10.8,".370",".387",72.1,28.4,60.2,76.9,49.3
"Acuña Jr., Ronald",660670,2022,23.6,9.9,".335",".368",73.5,24.3,59.9,80.6,47.9
"Varsho, Daulton",662139,2022,24.5,7.8,".323",".301",69.1,30.5,63.2,79.4,50.6
"Hoerner, Nico",663538,2022,11,5.4,".320",".309",65.1,33.8,73,92.7,49.2
"Riley, Austin",663586,2022,24.2,8.2,".377",".385",75.3,30.1,52.3,81.3,51.5
"Mountcastle, Ryan",663624,2022,25.3,7.1,".316",".363",79.1,37.8,57.1,78,56.2
"Hayes, Ke'Bryan",663647,2022,21.8,8.6,".294",".304",61.2,27.1,58.7,89.3,43.3
"Tucker, Kyle",663656,2022,15.6,9.7,".348",".362",80.2,26.1,60.3,86.6,52.7
"Grisham, Trent",663757,2022,28.6,10.9,".280",".298",56.1,20.7,55.3,80.4,38.7
"Rodgers, Brendan",663898,2022,17.4,7.9,".321",".326",72.1,27.2,58.4,84.6,49.4
"Lowe, Nathaniel",663993,2022,22.8,7.4,".368",".346",74,29.2,56.4,82.1,52.2
"Happ, Ian",664023,2022,23.2,9,".339",".312",71.8,26.6,55.4,79.5,49
"France, Ty",664034,2022,15.3,5.7,".337",".323",75.8,31.9,60.7,90.2,52.5
"Straw, Myles",664702,2022,14.6,9.1,".257",".281",57.9,19.6,71.6,91.9,40.5
"Bohm, Alec",664761,2022,17.4,4.9,".310",".334",72,31.4,68.2,83.9,51.2
"Brown, Seth",664913,2022,26.3,9.2,".323",".342",69.7,29.1,45.5,82,48.3
"Peña, Jeremy",665161,2022,24.2,3.9,".309",".307",75.3,37.8,45.3,84.7,55.2
"Guerrero Jr., Vladimir",665489,2022,16.4,8.2,".351",".354",71.5,30.5,58.6,83.8,49.7
"Soto, Juan",665742,2022,14.5,20.3,".376",".403",56.3,17.2,64.6,86.2,35.5
"Giménez, Andrés",665926,2022,20.1,6.1,".364",".332",70.9,38.4,61,81.2,53.7
"Bichette, Bo",666182,2022,22.2,5.9,".347",".334",77.6,35.2,59.7,85.2,55.9
"García, Adolis",666969,2022,27.9,6.1,".324",".326",73.5,37.3,55.4,73.4,53.5
"Arozarena, Randy",668227,2022,24.2,7.1,".336",".299",64,30.9,58.7,78.5,46.1
"Reynolds, Bryan",668804,2022,23,9.1,".349",".332",73,31.5,49,84.1,50.4
"Rojas, Josh",668942,2022,19.2,10.8,".326",".308",62.5,19.9,59.3,83.7,41
"Melendez, MJ",669004,2022,24.5,12.4,".310",".336",66,24.1,53.7,79.3,44.6
"Murphy, Sean",669221,2022,20.3,9.2,".331",".346",71.1,29.5,61.1,82.7,49.3
"Edman, Tommy",669242,2022,17.6,7.3,".318",".314",64,30.6,61.8,88.2,47
"Smith, Will",669257,2022,16.6,9.7,".349",".358",63.7,21.3,70.9,83.9,42.6
"Hays, Austin",669720,2022,19.6,5.8,".314",".301",67.7,36.2,58.1,87.7,51
"Alvarez, Yordan",670541,2022,18.9,13.9,".427",".459",63.7,24.8,52.7,87.4,42.7
"Kirk, Alejandro",672386,2022,10.7,11.6,".347",".354",59.6,23.3,72.7,89.5,41
"Kim, Ha-Seong",673490,2022,17.2,8.8,".313",".314",60.4,24.9,67.7,85.9,43.3
"Rodríguez, Julio",677594,2022,25.9,7.1,".366",".342",70.5,33.5,51.4,80.1,50.2
"Witt Jr., Bobby",677951,2022,21.4,4.7,".311",".318",70.4,34.7,61,82.1,51.8
"Kwan, Steven",680757,2022,9.4,9.7,".341",".315",55.1,20.2,80.8,94.5,38.1
"Vaughn, Andrew",683734,2022,17.3,5.6,".327",".322",61.4,32.8,62.7,87.8,47
"Turner, Justin",457759,2023,17.6,8.1,".346",".338",63.5,25.7,68.9,87.8,45
"Santana, Carlos",467793,2023,16.8,10.5,".323",".309",68.2,24,65.1,82.8,45.3
"Goldschmidt, Paul",502671,2023,23.4,12.7,".350",".365",61.8,26.5,62.8,76.8,44
"Freeman, Freddie",518692,2023,16.6,9.9,".411",".406",76.1,26.9,63.1,85.7,51
"LeMahieu, DJ",518934,2023,22.2,10.7,".315",".323",54.4,23.1,63.5,87,39.2
"Perez, Salvador",521692,2023,23.3,3.3,".302",".326",77.5,47,56.5,80.3,60.2
"Ozuna, Marcell",542303,2023,22.6,9.6,".381",".395",69.8,29.7,53.6,82.9,48.4
"Semien, Marcus",543760,2023,14.6,9.6,".354",".335",72.9,21.4,60,88.4,47.1
"Springer, George",543807,2023,18.3,8.8,".320",".330",73.3,23.1,55.2,84.2,49.3
"Harper, Bryce",547180,2023,21.8,14.7,".384",".396",77.9,33.4,47,78.8,51.4
"Abreu, José",547989,2023,21.9,7.1,".295",".315",65.2,36.3,59.5,82.1,50.1
"Díaz, Elias",553869,2023,22.4,6.5,".314",".296",76.5,36.2,54.5,81,54.8
"Suárez, Eugenio",553993,2023,30.8,10.1,".313",".323",65.7,23.6,44.5,75.4,44.5
"Arenado, Nolan",571448,2023,16.5,6.7,".327",".320",65.5,34.1,64.1,89.4,48.5
"Hernández, Enrique",571771,2023,19.1,6.7,".282",".273",66,27.9,58.6,84.1,46.7
"Muncy, Max",571970,2023,26.4,14.7,".344",".362",57.2,23.5,51.6,79.2,39.3
"Walker, Christian",572233,2023,19.2,9.4,".351",".340",71.3,26.1,53.3,81.1,48.6
"Canha, Mark",592192,2023,15.6,9.7,".333",".323",58.9,23.9,63.8,88.7,41.6
"Castellanos, Nick",592206,2023,27.6,5.4,".335",".322",74.6,41,44.6,77.9,56.2
"Drury, Brandon",592273,2023,26,4.8,".339",".317",69.2,34.9,51,79.8,51.6
"Machado, Manny",592518,2023,18.1,8.3,".334",".334",69.5,29.3,58.8,83.5,49.3
"Realmuto, J.T.",592663,2023,25.6,6.5,".324",".334",70.7,30.6,56.3,81.4,50.5
"Renfroe, Hunter",592669,2023,22.8,8,".308",".289",70.6,33.5,57.7,81.9,50.8
"Rosario, Eddie",592696,2023,23.6,6.6,".322",".317",73.6,43.5,60.2,77.2,57.4
"Yelich, Christian",592885,2023,22.2,12.3,".353",".356",68.1,24.8,51.6,82.3,45
"Merrifield, Whit",593160,2023,17.1,6.1,".304",".278",69.8,32.5,69.8,85.5,51.1
"Bogaerts, Xander",593428,2023,16.5,8.4,".343",".317",59.1,25.2,63.3,86.2,42.6
"Profar, Jurickson",595777,2023,17.3,9.6,".304",".307",68.8,25.1,58.4,87.7,47.2
"Báez, Javier",595879,2023,22.9,4.4,".261",".281",68.2,44,53.5,78.3,54.8
"Lindor, Francisco",596019,2023,19.9,9.6,".346",".346",70.3,27.2,61.2,83.9,48
"Candelario, Jeimer",600869,2023,22,9.2,".346",".318",68.1,28.3,57.7,83.9,47.4
"Bell, Josh",605137,2023,21.7,10.2,".323",".343",70.8,27.8,55.2,82.8,47.7
"Betts, Mookie",605141,2023,15.4,13.9,".416",".408",60.3,16.6,53.9,91.8,38.1
"Davis, J.D.",605204,2023,27.8,9.5,".321",".323",79.1,26.5,43.8,73.2,53.1
"Arcia, Orlando",606115,2023,19.1,7.3,".321",".306",65.4,26.4,58.8,82.3,46.2
"Hernández, Teoscar",606192,2023,31.1,5.6,".317",".334",73,35.2,42.7,75.2,53.6
"Marte, Ketel",606466,2023,16.8,10.9,".361",".342",67.2,24.5,62.3,85.9,45.5
"Nimmo, Brandon",607043,2023,21.4,10.9,".359",".352",62.3,19.9,55.4,84.5,42.4
"Turner, Trea",607208,2023,21.7,6.5,".333",".331",74.2,35.3,49.5,82.2,53.1
"Ramírez, José",608070,2023,10.6,10.6,".346",".360",67.2,28.2,69.8,91.2,46.6
"Bregman, Alex",608324,2023,12,12.7,".351",".353",61.1,18.6,70,91.3,38.7
"Seager, Corey",608369,2023,16.4,9.1,".419",".411",83.6,28.1,44,85.9,55.1
"Meneses, Joey",608841,2023,19.8,5.8,".314",".289",64.7,31.5,58,85.8,47.6
"Swanson, Dansby",621020,2023,24.1,10.3,".325",".344",71.3,23.6,56.4,76.4,47.3
"Correa, Carlos",621043,2023,22.6,10.2,".309",".327",62.1,26.7,57,83.4,43.6
"Olson, Matt",621566,2023,23.2,14.4,".413",".395",71.5,26,62.4,75.6,46.8
"Santander, Anthony",623993,2023,23.2,8.4,".340",".320",66.9,34.4,67.6,82.1,49
"Alonso, Pete",624413,2023,22.9,9.9,".346",".369",61.9,27.4,56.9,82.1,43.7
"Soler, Jorge",624585,2023,24.3,11.4,".361",".375",66.7,25.6,55.1,80.5,44.1
"Cronenworth, Jake",630105,2023,18.6,8.8,".301",".306",67.1,26.4,65.9,90.6,47.6
"Anderson, Tim",641313,2023,23.3,5,".260",".280",71.5,35.3,59.1,82.3,53.5
"Bellinger, Cody",641355,2023,15.6,7.2,".370",".328",67.8,31,68.4,85,49.9
"Crawford, J.P.",641487,2023,19.6,14.7,".359",".341",58.4,18.6,62.6,87.3,38.6
"McMahon, Ryan",641857,2023,31.6,10.8,".325",".334",67.6,25.4,50.6,73.6,47.4
"Smith, Dominic",642086,2023,15.5,8,".306",".321",68.7,30.3,66.8,86.2,49
"Rosario, Amed",642708,2023,18.2,5.3,".297",".306",69.2,39.4,63.2,85.7,53.4
"Adames, Willy",642715,2023,25.9,11.1,".311",".333",71.5,31.8,49.4,79.3,50
"Estrada, Thairo",642731,2023,22.6,4.2,".316",".293",67.3,38,61.7,89.3,51.7
"Benintendi, Andrew",643217,2023,14.3,8.4,".299",".314",70.4,26.6,71.6,84,49
"McNeil, Jeff",643446,2023,10,6,".314",".296",75.9,29.9,70.9,92.6,53
"Albies, Ozzie",645277,2023,16.2,7,".358",".341",77.8,35.1,65.9,86.6,54.6
"Devers, Rafael",646240,2023,19.2,9.5,".359",".379",77.1,32.5,69.3,76.2,52.6
"Arraez, Luis",650333,2023,5.5,5.7,".369",".355",68.6,31.8,87.2,94.2,51
"Torres, Gleyber",650402,2023,14.6,10,".346",".363",68.9,25.9,64.6,83.7,46.8
"Díaz, Yandy",650490,2023,15.7,10.8,".402",".384",65.5,19.7,60.1,88.1,42.6
"De La Cruz, Bryan",650559,2023,22.7,6.4,".309",".330",68.2,34.3,59.4,78.3,50.1
"Chapman, Matt",656305,2023,28.4,10.7,".328",".336",66.6,18.9,54.4,72.8,43.3
"McKinstry, Zach",656716,2023,21.8,8.5,".289",".312",68.1,27.1,59.7,88.1,47.3
"Schwarber, Kyle",656941,2023,29.9,17.5,".350",".363",55.8,21.6,47.9,77.5,37.7
"Thomas, Lane",657041,2023,25.8,5.3,".334",".319",61.1,27.2,55.3,87.4,43.6
"Verdugo, Alex",657077,2023,15.4,7.5,".322",".331",57.5,22.2,62.6,91.8,40.9
"Ohtani, Shohei",660271,2023,23.9,15.2,".433",".428",70.5,29.7,51.5,76,48.2
"Acuña Jr., Ronald",660670,2023,11.4,10.9,".428",".461",70.7,22.6,68.2,85.6,46.2
"Ruiz, Keibert",660688,2023,10.3,5.5,".310",".322",66.6,36.5,74.9,92,51.1
"Contreras, William",661388,2023,20.6,10.3,".357",".336",62.6,24.7,55.4,79,43.2
"Varsho, Daulton",662139,2023,23.2,7.7,".293",".303",70.6,28.1,54.8,82.9,50.1
"Nootbaar, Lars",663457,2023,19.7,14.3,".344",".357",53.4,17.1,65.7,86.5,35.5
"Hoerner, Nico",663538,2023,12.1,7.1,".322",".313",60.5,30.5,76,93.2,45.6
"Riley, Austin",663586,2023,24.1,8.3,".363",".366",69.9,27.3,55.4,79.1,48.2
"Hayes, Ke'Bryan",663647,2023,19.8,5.3,".324",".322",61,30.7,58.8,89.3,45.6
"Tucker, Kyle",663656,2023,13.6,11.9,".372",".386",71.8,21.6,61.3,87.4,47
"India, Jonathan",663697,2023,20.6,9.8,".327",".338",56.9,19.6,57.7,84.8,38.6
"Raleigh, Cal",663728,2023,27.8,9.5,".326",".329",70.9,31.4,53,78.8,49.7
"Grisham, Trent",663757,2023,27.7,13.5,".299",".322",60.3,21.6,53.5,77.9,41.6
"Vierling, Matt",663837,2023,21.1,8.3,".315",".322",59.1,28.5,66.6,86.8,44.3
"Stephenson, Tyler",663886,2023,26.1,9.1,".305",".314",61.8,24.1,50,80.3,42.5
"Lowe, Nathaniel",663993,2023,22.8,12.8,".340",".339",67.2,20.8,58.6,85.9,43.8
"Happ, Ian",664023,2023,22.1,14.3,".345",".349",66.9,22.9,55.1,81.7,44.4
"France, Ty",664034,2023,17.6,6.5,".315",".340",74,33.3,54.9,89.1,53.2
"Straw, Myles",664702,2023,18.7,8.1,".268",".273",60,23.9,77.6,88.5,44
"Bohm, Alec",664761,2023,15.4,6.9,".329",".344",68.9,30,67.2,88.1,49.8
"Wade Jr., LaMonte",664774,2023,18.3,14.6,".347",".361",62,17.9,51,87.6,39.5
"Peña, Jeremy",665161,2023,20.3,6.8,".310",".310",73.2,35.9,44.9,86.7,53.2
"Tatis Jr., Fernando",665487,2023,22.2,8.3,".332",".364",78.7,32.3,52.1,77.5,54.1
"Guerrero Jr., Vladimir",665489,2023,14.7,9.8,".340",".380",74.2,28.8,58.9,84.7,50.6
"Soto, Juan",665742,2023,18.2,18.6,".395",".407",57.8,16.6,60.2,85.8,35.8
"Taveras, Leody",665750,2023,21.1,6.3,".316",".320",70.9,28.2,55.5,84,49.4
"Giménez, Andrés",665926,2023,18.2,5.2,".309",".297",71,40,63.5,81.6,54.6
"Bichette, Bo",666182,2023,19.1,4.5,".349",".356",77.1,36.4,62,87,56.6
"García, Adolis",666969,2023,27.7,10.3,".354",".365",71.5,29.3,51.7,76.5,48.6
"Gurriel Jr., Lourdes",666971,2023,17.4,5.6,".329",".325",67.5,30.3,65.8,88.2,49.1
"Rooker, Brent",667670,2023,32.7,9.3,".348",".342",66.1,27.3,35.5,73.4,46.1
"Arozarena, Randy",668227,2023,23.9,12.2,".347",".347",61,27.5,60,76.5,43
"Steer, Spencer",668715,2023,20.9,10.2,".355",".332",63.1,23.9,57,82.8,43.8
"Reynolds, Bryan",668804,2023,21.6,8.3,".338",".359",73.1,25.8,47.3,82.1,47.4
"Rutschman, Adley",668939,2023,14.7,13.4,".352",".374",60.7,23.4,72.9,89.3,41
"Melendez, MJ",669004,2023,28.2,10.3,".310",".326",69.3,26.8,47.9,72.6,47.9
"Edman, Tommy",669242,2023,15.9,6.6,".306",".312",61.9,28.6,65.2,92.1,45.7
"Smith, Will",669257,2023,16.1,11.4,".345",".350",67.9,25,72.4,83.8,45.7
"Suwinski, Jack",669261,2023,32.2,14,".341",".346",61.1,18.2,44.9,77.8,39
"Burger, Jake",669394,2023,27.6,5.9,".349",".359",70.8,38.5,44.5,78.5,54
"Hays, Austin",669720,2023,24.9,6.7,".330",".309",63.8,30.9,50.9,82.6,46.6
"Paredes, Isaac",670623,2023,18.2,10.2,".362",".316",66,28.3,67,89.2,45.6
"Friedl, TJ",670770,2023,16.2,8.5,".353",".290",59,24.6,64.2,88.6,42.2
"Casas, Triston",671213,2023,25.1,13.9,".367",".370",66.5,22.1,56.4,77.3,43.6
"Harris II, Michael",671739,2023,18.7,4.6,".345",".356",68.2,38.1,64.2,82.2,52.9
"Garcia, Maikel",672580,2023,22.3,7.4,".299",".320",63.6,20.6,67.2,84.4,43.1
"Robert Jr., Luis",673357,2023,28.9,5,".358",".347",78.1,40.5,45.7,78.6,58.3
"Kim, Ha-Seong",673490,2023,19.8,12,".330",".313",55.1,20.4,72.8,85.2,38.9
"Suzuki, Seiya",673548,2023,22.3,10.1,".358",".357",60.5,19.8,60.7,84.2,40.9
"Jung, Josh",673962,2023,29.3,5.8,".334",".334",72.7,32.9,52.1,79.4,51.8
"Rodríguez, Julio",677594,2023,24.5,6.6,".347",".343",72.1,37.4,51.4,83.3,53.9
"Witt Jr., Bobby",677951,2023,17.4,5.8,".343",".368",71,30.6,63.5,83.3,50.5
"Tovar, Ezequiel",678662,2023,27,4.1,".298",".290",79.8,42,48.4,80.8,59.7
"Torkelson, Spencer",679529,2023,25,9.8,".326",".348",67.5,23.6,54.1,82.4,46.2
"Kwan, Steven",680757,2023,10.4,9.7,".313",".319",59,21.3,72.7,94,41.2
"Stott, Bryson",681082,2023,15.6,6.1,".323",".312",59.1,29.5,76.1,88.7,45
"Outman, James",681546,2023,31.9,12,".344",".324",68.6,25.3,38.7,73.3,46
"Abrams, CJ",682928,2023,19.2,5.2,".306",".304",71.9,35.1,63.8,84.3,53.5
"Carroll, Corbin",682998,2023,19.4,8.8,".370",".345",65.3,28,62.8,85.6,45.8
"Henderson, Gunnar",683002,2023,25.6,9,".346",".347",66.7,26.5,58.5,79.5,46.8
"Volpe, Anthony",683011,2023,27.8,8.7,".290",".308",67.2,28.7,50.7,80.7,47.9
"Vaughn, Andrew",683734,2023,21,5.9,".321",".319",64.8,31.7,56,86.6,47.5
"Yoshida, Masataka",807799,2023,14,5.9,".339",".325",58.6,27.3,71,86.5,43.3
"McCutchen, Andrew",457705,2024,25.8,11.3,".325",".325",65.6,17.2,44.8,77.7,42
"Turner, Justin",457759,2024,17.6,10.9,".327",".333",65.7,25.1,68.7,88.5,45.4
"Santana, Carlos",467793,2024,16.7,10.9,".326",".333",64.9,23.4,59.7,83.4,43.3
"Goldschmidt, Paul",502671,2024,26.5,7.2,".310",".332",65.1,29.5,60.3,77.9,47.7
"Altuve, Jose",514888,2024,17.4,6.9,".344",".319",68.6,37.3,63.7,87.3,51.5
"Freeman, Freddie",518692,2024,15.7,12.2,".365",".369",73.7,26.6,71,83.4,49.4
"Perez, Salvador",521692,2024,19.8,6.7,".335",".361",77.3,42.9,59,81.7,57.8
"Ozuna, Marcell",542303,2024,24.7,10.8,".395",".404",72.5,26.5,49.6,77.4,46.8
"Semien, Marcus",543760,2024,14.6,8.9,".306",".320",75.9,25.2,56,88.1,50
"Springer, George",543807,2024,18.7,9.8,".298",".325",73,23.5,52.7,81.4,49.1
"Harper, Bryce",547180,2024,21.9,12,".380",".361",78.2,33.4,52.4,85.1,52.9
"Suárez, Eugenio",553993,2024,27.5,7.7,".337",".335",66.9,27,44.8,81.2,47.2
"Arenado, Nolan",571448,2024,14.5,6.9,".314",".299",63.9,30,67.3,90.2,46.8
"Walker, Christian",572233,2024,24.1,10,".343",".354",73.1,24.3,51.2,82.5,48
"Castellanos, Nick",592206,2024,21.1,6.2,".321",".337",79,37.8,48.1,80.6,58
"Judge, Aaron",592450,2024,24.3,18.9,".476",".480",67.4,18.7,42.7,77.3,42
"Machado, Manny",592518,2024,19.3,7,".340",".340",72.4,29.7,54.7,83.8,51.6
"Profar, Jurickson",595777,2024,15.1,11.4,".365",".366",68.6,21.9,66.9,87.9,45.6
"Lindor, Francisco",596019,2024,18.4,8.1,".363",".381",69.9,26.3,59,82.5,48.7
"Bell, Josh",605137,2024,19.9,8.5,".317",".312",73.4,27.4,54.4,81.2,48.8
"Betts, Mookie",605141,2024,11,11.8,".371",".364",60.8,21.1,61.3,93.9,40.4
"Arcia, Orlando",606115,2024,21.3,6.8,".273",".266",70.8,27.6,50.6,82.3,49.1
"Hernández, Teoscar",606192,2024,28.8,8.1,".360",".347",74.7,28.7,43.6,75,51.2
"Marte, Ketel",606466,2024,18.2,11.1,".391",".394",71.3,26,60,85.9,48.2
"Nimmo, Brandon",607043,2024,23.8,11.6,".321",".338",65.6,24.1,54.5,84.8,44.8
"Turner, Trea",607208,2024,18.2,5,".349",".323",74.8,33.9,49,85.8,53.7
"Ramírez, José",608070,2024,12,7.9,".364",".333",68.9,31.7,73.4,90.6,49.4
"Bregman, Alex",608324,2024,13.6,6.9,".331",".325",65.6,23.6,75.3,91.3,44.9
"Seager, Corey",608369,2024,18,9.9,".365",".391",79.5,27.8,49.8,86.5,53
"Winker, Jesse",608385,2024,20.9,12.4,".338",".330",64.7,19,62.5,85,43.2
"Swanson, Dansby",621020,2024,24.3,9.1,".307",".324",71,24,51.3,77.3,48.7
"Ward, Taylor",621493,2024,24.6,9.5,".325",".345",64.8,20.8,49.1,82.3,43.2
"Olson, Matt",621566,2024,24.8,10.4,".339",".342",72.3,28.7,63.6,78,49.7
"Santander, Anthony",623993,2024,19.4,8.7,".345",".327",67.8,33.8,72,84.6,49.7
"Alonso, Pete",624413,2024,24.7,10.1,".340",".345",61,25.9,51.9,85.9,42.9
"Soler, Jorge",624585,2024,24.6,11.8,".340",".352",64.8,26.8,46.4,82.9,44.5
"Cronenworth, Jake",630105,2024,18,9.3,".315",".339",65.9,23.1,63.9,89.2,45
"Bellinger, Cody",641355,2024,15.6,7.9,".322",".305",67.1,32.4,65,84,49.8
"McMahon, Ryan",641857,2024,28.7,10.7,".315",".327",65.6,26.5,49.4,77.6,46.9
"Adames, Willy",642715,2024,25.1,10.8,".342",".341",71.2,28.1,49.5,78.9,49.5
"Benintendi, Andrew",643217,2024,18.4,7.9,".298",".310",69.3,25.1,66.9,83,48
"Devers, Rafael",646240,2024,24.5,11.1,".364",".366",73.8,30.4,63.2,71.9,50.9
"Naylor, Josh",647304,2024,16.6,9.2,".332",".338",72.3,32.2,63,85.4,50.3
"Arraez, Luis",650333,2024,4.3,3.6,".323",".330",63,35.3,88.7,95.3,49.8
"Torres, Gleyber",650402,2024,20.5,9.8,".313",".314",69.2,21.4,63,81.3,45.7
"Castro, Willi",650489,2024,23.6,8,".317",".323",72.7,31.7,46.5,82.6,51.4
"Díaz, Yandy",650490,2024,15.3,8.1,".331",".339",64,22.8,74.5,89.7,43.9
"De La Cruz, Bryan",650559,2024,27.3,4.7,".283",".306",75.3,32.6,53,77.6,53.4
"Chapman, Matt",656305,2024,24.4,9.9,".340",".342",63.5,24.2,63.2,81.1,44.6
"Hoskins, Rhys",656555,2024,28.8,10.3,".313",".306",59.3,25.4,61,78.8,42.8
"Schwarber, Kyle",656941,2024,28.5,15.3,".366",".382",60.6,20.9,45.7,76.3,39.9
"Thomas, Lane",657041,2024,25.9,8.3,".309",".311",64,22.9,59.1,82.8,43.8
"Verdugo, Alex",657077,2024,15,7.9,".283",".306",61.3,25.5,66.7,91,44.7
"Ohtani, Shohei",660271,2024,22.2,11.1,".431",".444",69.7,26.6,53.9,76.9,47.3
"Sánchez, Jesús",660821,2024,26.1,7.6,".317",".348",73.5,36.1,52.8,78.1,53.2
"Contreras, William",661388,2024,20.5,11.5,".359",".359",71,25.6,50.8,80.7,47.4
"Varsho, Daulton",662139,2024,26.7,9.4,".304",".265",70.3,25.9,55.4,80,47.6
"Hoerner, Nico",663538,2024,10.3,6.9,".313",".318",63.7,31.8,77.5,93.1,48.4
"Mountcastle, Ryan",663624,2024,22.5,5.3,".316",".336",75.8,38,58.6,83.8,56.1
"India, Jonathan",663697,2024,19.6,12.6,".333",".354",57.6,18.4,58.3,87.8,38.3
"Raleigh, Cal",663728,2024,28,11.1,".323",".347",74,32.7,52.9,77,52.3
"Vierling, Matt",663837,2024,21.3,7.2,".317",".312",62.1,22,60.5,87.2,42.8
"Stephenson, Tyler",663886,2024,22.7,9.3,".339",".325",63.4,23.7,52.8,86.8,43.2
"Rodgers, Brendan",663898,2024,24.5,5.8,".314",".299",69.2,29.1,48,85,49.3
"Lowe, Nathaniel",663993,2024,22.1,12.6,".337",".332",62.8,23.5,58.2,87.7,42.7
"Happ, Ian",664023,2024,25.6,12.2,".341",".347",67.8,23.2,52.7,78.6,45.9
"France, Ty",664034,2024,21.3,7.1,".296",".306",74.7,26.9,53.5,83.6,51.2
"Bohm, Alec",664761,2024,14.2,6.6,".335",".345",71.1,27.2,62.8,89.5,49.7
"Peña, Jeremy",665161,2024,17.1,3.8,".305",".314",72.9,36.9,50.6,88.6,54.2
"Guerrero Jr., Vladimir",665489,2024,13.8,10.3,".398",".412",68.6,27.5,62.7,84.9,48
"Soto, Juan",665742,2024,16.7,18.1,".421",".463",59,18.3,60.7,84.8,37.2
"Taveras, Leody",665750,2024,21.2,7.9,".282",".299",69.5,29,53.7,82.6,48.8
"Cruz, Oneil",665833,2024,30.2,8.5,".331",".344",63,31.7,48.4,76,46.3
"Chisholm Jr., Jazz",665862,2024,24.5,8.5,".327",".317",67.1,29.2,56.3,77.3,47.5
"Giménez, Andrés",665926,2024,15.3,4.1,".281",".301",74.6,37.4,62.4,84.3,56.4
"Morel, Christopher",666624,2024,26,10,".280",".316",68.8,26.2,48.9,72.7,47
"García, Adolis",666969,2024,27.8,7.1,".296",".309",74.9,33.6,48.5,75.3,52.1
"Gurriel Jr., Lourdes",666971,2024,18.3,5.2,".327",".325",69.5,32.9,62.3,88.2,51.1
"Rooker, Brent",667670,2024,28.8,9.6,".392",".381",72.6,31,39.8,78.9,50.2
"Arozarena, Randy",668227,2024,26.1,11.3,".320",".322",59.5,24.3,60,75,41
"Bleday, JJ",668709,2024,19.5,10.4,".330",".322",67.8,24.7,50.9,83,45.3
"Steer, Spencer",668715,2024,20.9,11,".316",".321",64.8,24.8,52.1,86.6,44.5
"Reynolds, Bryan",668804,2024,22.5,8.2,".343",".353",74,30.2,48,81.3,50.4
"Turang, Brice",668930,2024,17,8.1,".294",".302",64.4,28.4,74.3,90.8,47.7
"Rutschman, Adley",668939,2024,16.1,9.1,".309",".320",60.1,28.9,72.5,87.9,44.5
"Langeliers, Shea",669127,2024,27.2,7.7,".315",".328",69.5,30.7,50.6,80.3,49.5
"Smith, Will",669257,2024,19.3,9.4,".326",".337",66.5,26.3,65.8,84.5,46.2
"Burger, Jake",669394,2024,25.9,5.4,".325",".339",70.1,36.5,50.6,81.1,52.4
"Smith, Josh",669701,2024,20.4,7.8,".323",".309",66.9,25.9,59.1,85.1,47.1
"Alvarez, Yordan",670541,2024,15,10.9,".402",".415",68,30.5,63.5,88.9,47.8
"Paredes, Isaac",670623,2024,16.4,11.9,".327",".309",64.7,26.5,68.9,89,44.7
"Ramos, Heliot",671218,2024,26.1,7.1,".339",".337",72.3,29.9,48.1,81.7,50.3
"García Jr., Luis",671277,2024,16.3,5.1,".328",".335",69,36,63.6,87.4,51.7
"Garcia, Maikel",672580,2024,16.5,6.7,".270",".305",63.6,21.2,68.6,89.1,43.4
"Diaz, Yainer",673237,2024,17.3,3.9,".329",".343",77.7,42.6,59.8,86.4,58.8
"Suzuki, Seiya",673548,2024,27.4,10.8,".365",".348",59.6,20.7,53.9,83.4,39.6
"Burleson, Alec",676475,2024,12.8,5.9,".319",".333",77.6,34.5,68,86.7,55.7
"Meyers, Jake",676694,2024,22.8,6.8,".285",".306",68.1,31.2,50.2,84.1,49.1
"Rodríguez, Julio",677594,2024,25.4,6.2,".321",".348",74.7,37.3,53,78.8,54.3
"Witt Jr., Bobby",677951,2024,15,8,".410",".407",72.3,32.1,63.3,84.8,51.2
"Tovar, Ezequiel",678662,2024,28.8,3.3,".324",".291",82,44.1,46.5,78.1,62.3
"Rafaela, Ceddanne",678882,2024,26.4,2.6,".286",".276",78.6,46.4,53.3,75.7,61.9
"Kwan, Steven",680757,2024,9.4,9.8,".349",".337",57.6,19.2,79.6,95.7,39.1
"Duran, Jarren",680776,2024,21.8,7.3,".357",".340",68.2,28.1,52.9,84.3,48.3
"Gelof, Zack",680869,2024,34.4,6.9,".276",".273",72.1,29.7,37.2,73.9,51.5
"Donovan, Brendan",680977,2024,12.4,7.2,".332",".341",63.7,23.7,66.4,91.4,44.2
"Stott, Bryson",681082,2024,16.3,9.3,".296",".311",59.6,28.3,75,86.7,44.1
"Cowser, Colton",681297,2024,30.7,9.3,".331",".333",64,25,43.3,79.9,44.5
"O'Hoppe, Logan",681351,2024,29.7,6.3,".311",".333",72.4,34,45.7,77.3,52
"De La Cruz, Elly",682829,2024,31.3,9.9,".349",".330",61.7,26.9,45.8,76.8,43.4
"Abrams, CJ",682928,2024,21.3,6.6,".322",".320",70.5,35.4,62.3,81.6,53.3
"Greene, Riley",682985,2024,26.7,11,".355",".355",66.3,23.1,54.2,80.6,44.3
"Carroll, Corbin",682998,2024,19,10.7,".325",".328",59.8,24.9,63.9,87,41.4
"Henderson, Gunnar",683002,2024,22.1,10.8,".381",".375",66.7,23.2,57.2,82.5,44.2
"Volpe, Anthony",683011,2024,22.6,6.1,".287",".278",65.4,29.3,62.6,83.5,48.1
"Vaughn, Andrew",683734,2024,21.3,6.1,".304",".320",66.7,33,58.4,88.2,49.4
"Busch, Michael",683737,2024,28.6,11.1,".336",".324",68.6,23.2,48.9,79.8,45.2
"Frelick, Sal",686217,2024,14.9,7.4,".292",".283",57,25.8,76.2,91.9,41.5
"Pasquantino, Vinnie",686469,2024,12.8,7.2,".325",".336",66.3,30.7,71.6,92.5,47.8
"Doyle, Brenton",686668,2024,25.4,7.6,".328",".330",74.5,30,43.5,81.8,51.4
"Neto, Zach",687263,2024,23.3,6.5,".330",".319",67.9,31.3,54.2,82.2,48.9
"Ortiz, Joey",687401,2024,20.2,11,".319",".307",53.5,24.7,66.7,90.1,39.4
"Keith, Colt",690993,2024,19.8,6.5,".301",".314",67.9,29.9,55.6,86.6,48.6
"Winn, Masyn",691026,2024,17.1,6.4,".315",".296",62.7,30.4,67.8,87,47
"Chourio, Jackson",694192,2024,21.1,6.8,".339",".327",66.1,31.9,53,82.7,48.8
"Schanuel, Nolan",694384,2024,17,11.2,".315",".322",62.1,21.5,72.7,90,41.8
"Langford, Wyatt",694671,2024,20.6,9.2,".321",".332",64.3,23,61.5,83.2,42.8
"Young, Jacob",696285,2024,19.6,5.8,".290",".291",60.3,27.8,63.4,87.9,44.9
"Merrill, Jackson",701538,2024,17,4.9,".352",".375",80,34.4,64.5,86.2,56.9
"McCutchen, Andrew",457705,2025,21.4,12.2,".309",".333",69,20.7,50,80.5,45.6
"Goldschmidt, Paul",502671,2025,18.7,6.7,".316",".329",66.3,27.3,68.4,83.6,47.8
"Altuve, Jose",514888,2025,16.7,8.4,".331",".300",63.5,38.9,69.6,86.6,50
"Freeman, Freddie",518692,2025,20.4,9.6,".370",".350",76.1,28.4,57.6,78.6,51.9
"Perez, Salvador",521692,2025,19.5,4.4,".311",".357",74.8,42.4,58.4,82.7,57.4
"Ozuna, Marcell",542303,2025,24.3,15.9,".334",".354",57.9,22.3,57.7,81.1,39.4
"Semien, Marcus",543760,2025,17.4,9.4,".295",".318",75.2,23.5,50.2,86.1,49
"Springer, George",543807,2025,18.9,11.8,".408",".404",71,20.4,52.4,79.6,46.2
"Trout, Mike",545361,2025,32,15.6,".343",".358",55.9,20.7,43.8,79.3,38.8
"Harper, Bryce",547180,2025,20.9,12.1,".361",".368",78.9,35.6,49.8,80.9,54.2
"Suárez, Eugenio",553993,2025,29.8,7,".347",".320",69.4,31,39.2,78.8,50.4
"Walker, Christian",572233,2025,27.7,6.3,".310",".314",75.8,28.1,43.8,78.7,52.2
"Yastrzemski, Mike",573262,2025,19.4,12.9,".321",".329",61.2,22,67.2,85.9,41.8
"Contreras, Willson",575929,2025,25.2,7.8,".344",".358",66.3,30.1,49.7,80.5,48.5
"Castellanos, Nick",592206,2025,22.6,5.4,".300",".302",80,40.9,50.6,81.9,58.8
"Judge, Aaron",592450,2025,23.6,18.3,".463",".460",67,22.5,38.9,75.3,43.7
"Machado, Manny",592518,2025,19.3,8.1,".341",".355",70,29.9,56.3,81.4,50
"Realmuto, J.T.",592663,2025,23.5,6.4,".307",".316",65.6,32.3,56.8,85.4,48.6
"Yelich, Christian",592885,2025,25.9,9.9,".343",".330",66.7,25.7,44.2,81.6,45.7
"Bogaerts, Xander",593428,2025,17,8.7,".313",".327",58.8,23.6,60.7,85.5,41.9
"Polanco, Jorge",593871,2025,15.6,8,".350",".343",66.9,26.9,55,86,46.3
"Lindor, Francisco",596019,2025,17.9,8.9,".350",".345",67.3,26.7,64.2,84.7,47.7
"Story, Trevor",596115,2025,26.9,5,".320",".311",72.3,35.3,45.7,82.1,54.4
"Bell, Josh",605137,2025,16.5,10.7,".324",".359",68.9,26.8,59,83.8,47
"Betts, Mookie",605141,2025,10.3,9.2,".318",".330",59.9,21.6,62.3,92.4,41.2
"Hernández, Teoscar",606192,2025,24.5,4.8,".315",".323",68.5,30,44.5,77.2,50.4
"Marte, Ketel",606466,2025,14.9,11.5,".381",".390",67.3,24.7,60.2,84.2,45.3
"Nimmo, Brandon",607043,2025,21.6,7.7,".329",".321",66.2,24.2,54.7,82.8,47.2
"Turner, Trea",607208,2025,16.7,6.7,".352",".321",72.8,31,50.9,86.1,51.4
"Ramírez, José",608070,2025,11,9.8,".359",".342",66,28.9,72.5,91,46.8
"Swanson, Dansby",621020,2025,26,7.3,".310",".345",73.7,25.2,44.3,77.5,50.3
"Correa, Carlos",621043,2025,19.3,7.7,".322",".338",64.4,28.8,59.8,85.9,46.4
"Buxton, Byron",621439,2025,27.3,7.6,".367",".350",74.1,29.4,41.1,79.6,51.8
"Ward, Taylor",621493,2025,26.4,11.3,".339",".333",53.7,20.7,48,86.5,37.6
"Olson, Matt",621566,2025,24.3,12.6,".366",".360",66.5,24.9,62.6,78.2,45.3
"Alonso, Pete",624413,2025,22.8,8.6,".368",".386",65.7,27.4,57.6,81.6,46.3
"Cronenworth, Jake",630105,2025,20.8,13.4,".333",".319",62.1,22.2,59.3,88.6,42.7
"Bellinger, Cody",641355,2025,13.7,8.7,".347",".327",67,30,69.5,87.5,48.3
"Crawford, J.P.",641487,2025,18.7,11.3,".322",".329",65.1,21.9,65.8,83.6,45.1
"McMahon, Ryan",641857,2025,32.3,11.9,".306",".322",64.7,25,37.7,74.8,45.4
"Adames, Willy",642715,2025,26.1,11.7,".321",".327",67.9,26.7,46,81.2,46.7
"Albies, Ozzie",645277,2025,14.1,8.2,".295",".299",77.9,33.5,67.3,85.2,54.1
"Devers, Rafael",646240,2025,26.3,15.4,".365",".367",70.1,25.5,60.8,71.4,47.2
"Naylor, Josh",647304,2025,13.7,7.9,".351",".335",72.5,37.1,62.1,86.8,53.9
"Arraez, Luis",650333,2025,3.1,5,".313",".303",62.7,34.1,92.3,95.8,49.4
"Torres, Gleyber",650402,2025,16.1,13.5,".332",".363",64.8,17.1,63.2,85.1,40.8
"Díaz, Yandy",650490,2025,14.1,8.8,".364",".353",63.7,23.9,69,86.9,44.4
"Rengifo, Luis",650859,2025,19.2,6.1,".275",".302",71.5,30.5,59.6,85.5,51.6
"Chapman, Matt",656305,2025,23.6,13.3,".336",".340",63.8,20.1,54.8,80.7,42.4
"McKinstry, Zach",656716,2025,21.7,9,".333",".305",65.5,26.4,59.3,83.8,46.7
"O'Hearn, Ryan",656811,2025,20,10.7,".349",".343",66.8,26.8,57.9,84.3,46.8
"Schwarber, Kyle",656941,2025,27.2,14.9,".391",".403",64.1,21.5,42.7,75.8,41.8
"Sheets, Gavin",657757,2025,19.6,8.1,".323",".340",59.6,31.4,63.1,85.2,44.7
"Ohtani, Shohei",660271,2025,25.7,15,".418",".425",66.1,26,46.7,75.2,45
"Contreras, William",661388,2025,18.2,12.7,".332",".331",67.9,25.2,57.1,82.9,46.5
"Nootbaar, Lars",663457,2025,20.4,11,".304",".317",56,22,58.3,87,39.4
"Hoerner, Nico",663538,2025,7.6,6,".324",".322",63.4,32.5,75.5,94.9,48.8
"Larnach, Trevor",663616,2025,21.5,9.3,".317",".315",62.2,27.5,40.4,83.9,44.5
"Hayes, Ke'Bryan",663647,2025,19.5,6.3,".266",".282",60.6,27,59.1,89.1,44.1
"Tucker, Kyle",663656,2025,14.7,14.6,".363",".372",70.8,17.6,57.9,84.9,45.2
"India, Jonathan",663697,2025,18.7,9.5,".301",".315",58.1,18.6,53,87.3,40.3
"Raleigh, Cal",663728,2025,26.7,13.8,".392",".371",75,31.8,48.5,78.4,51.7
"Grisham, Trent",663757,2025,23.6,14.1,".353",".370",58.1,17.3,54.4,83.4,38.9
"Lowe, Nathaniel",663993,2025,26.1,10.2,".301",".303",63.8,24,54.2,82.6,44.6
"Happ, Ian",664023,2025,22.8,13.1,".333",".354",63.5,20.8,50.9,82.5,43.5
"Lowe, Brandon",664040,2025,26.9,6.9,".334",".335",77.6,32.1,41.3,76.6,55.5
"Bohm, Alec",664761,2025,16.3,5.8,".322",".324",66.9,26.3,70.6,90.3,48.2
"Peña, Jeremy",665161,2025,17.1,6.4,".363",".334",68.3,35.5,48.2,87.2,51
"Tatis Jr., Fernando",665487,2025,18.7,12.9,".353",".370",70.3,24.4,49.3,82.3,45.9
"Guerrero Jr., Vladimir",665489,2025,13.8,11.9,".366",".384",62.3,21.4,61.7,84.1,42.2
"Soto, Juan",665742,2025,19.2,17.8,".390",".429",55.7,15.9,57.1,83.6,35.5
"Cruz, Oneil",665833,2025,32,11.8,".295",".324",58.2,28.1,48.9,76.2,41.6
"Chisholm Jr., Jazz",665862,2025,27.9,10.9,".349",".346",68.4,26.5,49.8,75,47.1
"Lux, Gavin",666158,2025,22.7,11.1,".322",".299",65.1,19.5,51.5,86.2,42.7
"Adell, Jo",666176,2025,26.4,5.8,".333",".365",74.3,32.6,47.4,83.1,52.6
"Bichette, Bo",666182,2025,14.5,6.4,".361",".353",72.1,35.2,66.7,89.2,53.1
"García, Adolis",666969,2025,24.7,5.1,".286",".304",69.9,35.8,56.1,77.2,52.2
"Gurriel Jr., Lourdes",666971,2025,13.9,5.7,".307",".315",69.5,34.5,63.1,87.9,52.3
"Rooker, Brent",667670,2025,22.2,9.3,".349",".351",75.3,26.4,41.8,79.6,50
"Arozarena, Randy",668227,2025,26.9,9,".332",".327",62.6,25.2,56.1,75.9,44
"Steer, Spencer",668715,2025,22.7,9,".316",".293",67.5,24.8,53.4,81.6,48
"Reynolds, Bryan",668804,2025,26.5,8.7,".315",".338",73.4,26,42.9,80.5,49.6
"Turang, Brice",668930,2025,22.8,10,".346",".335",62.8,23.8,62.8,84.5,44.3
"Langeliers, Shea",669127,2025,19.7,6.9,".364",".328",73,32.1,54.7,84,52.4
"Edwards, Xavier",669364,2025,14.2,7.9,".308",".295",69.1,26.8,76.6,91.8,49
"Smith, Josh",669701,2025,17.8,9.8,".311",".310",63.1,25.7,60.3,87.7,45.5
"Friedl, TJ",670770,2025,16.8,11.8,".333",".303",58.3,18.1,55.3,90.1,39.2
"Ramos, Heliot",671218,2025,22.7,7.5,".319",".320",66.2,29.7,53.6,84.4,47.8
"García Jr., Luis",671277,2025,16,5.1,".300",".339",71.4,37.9,60.2,88.8,53.9
"Butler, Lawrence",671732,2025,28.4,9.4,".310",".304",67.9,26.1,43.2,76.3,47
"Harris II, Michael",671739,2025,20,2.5,".289",".315",71.3,43.1,55.3,88.2,57
"Kirk, Alejandro",672386,2025,11.7,9.5,".334",".359",65.9,29,72.4,85.6,47.2
"Garcia, Maikel",672580,2025,12.6,9.3,".347",".335",58,20.8,68.3,90.6,40.1
"Lopez, Otto",672640,2025,13.8,7.4,".295",".330",62.7,29.5,63.3,89.3,46.3
"Perdomo, Geraldo",672695,2025,11.5,13.1,".370",".356",57,19.2,73.8,92.1,39.7
"Sosa, Lenyn",672820,2025,23.3,3.3,".313",".326",61.5,40.9,62.8,86,51
"Diaz, Yainer",673237,2025,16.8,3.5,".300",".326",78.3,44.3,61.4,87.3,59.5
"Suzuki, Seiya",673548,2025,25.2,10.9,".343",".352",59.1,20.5,50.2,84.3,40.6
"Jung, Josh",673962,2025,25.2,5.3,".298",".304",69.5,33.2,59.3,82.1,51.1
"Clement, Ernie",676391,2025,10.4,4.6,".308",".292",72,36.4,71.3,93,53.8
"Burleson, Alec",676475,2025,14.5,7.1,".346",".345",69.5,28.8,70.3,86.9,49.3
"Wagaman, Eric",676572,2025,19.5,6.2,".293",".315",64.5,25.8,52.6,85,45.2
"Rodríguez, Julio",677594,2025,21.4,6.2,".341",".348",75.2,35.9,53.6,80.6,55.4
"Witt Jr., Bobby",677951,2025,18.2,7.1,".360",".365",71.5,30.7,59.2,83.4,51.1
"Vargas, Miguel",678246,2025,17.6,9.8,".314",".319",69.3,21.6,64.5,83.8,46.2
"Rafaela, Ceddanne",678882,2025,19.9,4.8,".307",".305",75.3,42.2,57.1,82.1,58.9
"Torkelson, Spencer",679529,2025,26,11.1,".339",".334",65.9,22.4,44.6,82.4,44.6
"McLain, Matt",680574,2025,28.9,9.5,".286",".290",59.9,26.3,51.5,80.2,43.2
"Kwan, Steven",680757,2025,8.7,7.9,".310",".310",58.8,22.7,77,96.1,41.9
"Duran, Jarren",680776,2025,24.3,8.6,".335",".326",64.1,31.1,45.5,83.6,47.2
"Donovan, Brendan",680977,2025,13,8.2,".337",".346",61.3,25,74,91.3,43.8
"Stott, Bryson",681082,2025,16.3,9.6,".315",".313",55.6,23.3,72.8,87.3,40.4
"Pages, Andy",681624,2025,21.6,4.6,".332",".316",70.5,33.2,57.7,87.1,53.1
"Ramírez, Agustín",682663,2025,19.3,6.2,".302",".332",70,32,51.7,86.3,49.9
"De La Cruz, Elly",682829,2025,25.9,9.6,".333",".322",64.1,28.5,47,78.5,45.7
"Abrams, CJ",682928,2025,19.7,5.8,".324",".309",67.4,32.6,59.2,83,50.6
"Greene, Riley",682985,2025,30.7,7,".343",".335",73.6,31.2,52,76.2,52.6
"Carroll, Corbin",682998,2025,23.8,10.4,".371",".372",66.8,31.6,63.4,81,48.9
"Henderson, Gunnar",683002,2025,21,9.5,".339",".341",67.5,27.7,54,83.5,47.6
"Volpe, Anthony",683011,2025,25.2,7.2,".286",".301",65.7,23.9,64.4,78.3,45.9
"Busch, Michael",683737,2025,23.5,9.5,".369",".378",68.5,23.1,45.5,84,46.8
"Frelick, Sal",686217,2025,13.5,7.9,".332",".299",60,26.3,77.7,90.7,44.1
"Pasquantino, Vinnie",686469,2025,15.7,7.2,".340",".334",65.2,30.4,63.8,90,48
"Doyle, Brenton",686668,2025,25.7,5.6,".282",".300",71,30.1,44.1,81.6,50.4
"Lee, Brooks",686797,2025,17.5,5.9,".286",".289",68.6,31.8,51.4,88,49.8
"Neto, Zach",687263,2025,26.9,6,".337",".344",69.4,30.1,49.3,81.4,48.6
"Ortiz, Joey",687401,2025,14.6,5.3,".263",".275",57.8,33.3,70.1,90.6,46.8
"Beck, Jordan",687597,2025,29.6,7.3,".319",".301",67.2,27.4,48.6,76.9,47.4
"Soderstrom, Tyler",691016,2025,22.6,8.8,".354",".341",68.3,28.7,52.1,83.8,48.9
"Winn, Masyn",691026,2025,19,6.3,".297",".286",62.3,25.9,65.7,85.8,45.3
"Caminero, Junior",691406,2025,19.1,6.3,".357",".346",69.5,32.2,61.1,82.1,50.4
"Crow-Armstrong, Pete",691718,2025,24,4.5,".323",".321",81.2,41.7,52.7,82,60.1
"Chourio, Jackson",694192,2025,20.5,5.1,".328",".307",70.4,36.9,55.7,83.9,53.4
"Schanuel, Nolan",694384,2025,12.6,10.5,".327",".327",65.4,24,67.9,91,45.2
"Langford, Wyatt",694671,2025,26.4,12.9,".337",".346",63.8,23.4,49.3,83.2,43
"Wood, James",695578,2025,32.1,12.3,".353",".361",55.8,24.2,43.9,76.9,40.2
"Goodman, Hunter",696100,2025,26.3,5.7,".359",".324",75.3,36.7,45.8,80.1,55
"Rice, Ben",700250,2025,18.9,9.4,".358",".394",65.5,21.2,55.8,86,43.3
"Manzardo, Kyle",700932,2025,25.4,9,".329",".322",67,27.4,53.3,79.3,48.4
"Durbin, Caleb",702332,2025,9.9,5.9,".319",".312",61.3,24.6,74.4,91.3,44.5
"Holliday, Jackson",702616,2025,21.6,8.6,".304",".314",68.3,22.3,53.6,81.6,47.1
"Meidroth, Chase",805367,2025,14.3,8.9,".294",".300",52.8,22.4,76.5,91,38.6
"Wilson, Jacob",805779,2025,7.5,5.2,".348",".304",66.6,32.1,85.9,92.4,49.9
"Lee, Jung Hoo",808982,2025,11.5,7.6,".320",".321",64.5,22.5,71.9,91.5,44.7